"rsID",phenotype,bim_line_ix,chr,bp,corr,Location VEP,Overlap with,Nearest coding gene,Minor AF,
"rs189257163",ACE_inhibitor_1,118506,1,184121783,0.01740768552,1:184152649-184152649,No direct overlap,TSEN15,-,
"rs146908857",ACE_inhibitor_1,178317,2,6603387,0.0178658478,2:6463255-6463255,No direct overlap,CMPK2,0.0026,
"rs77940661",ACE_inhibitor_1,290023,2,160031888,0.02144997567,2:159175377-159175377,"gene_TANC1, transcript_TANC1",TANC1,0.0026,
"rs16832757",ACE_inhibitor_1,311740,2,191463854,0.01950092427,2:190599128-190599128,No direct overlap,NAB1,0.0012,
"rs150527041",ACE_inhibitor_1,401215,3,55483709,0.01866320893,3:55449681-55449681,No direct overlap,WNT5A,0.0008,
"rs180891429",ACE_inhibitor_1,608971,4,141575783,0.02216515876,4:140654629-140654629,"transcript_TBC1D9, gene_TBC1D9",TBC1D9,-,
"rs144982876",ACE_inhibitor_1,635791,4,178172978,0.01818820648,4:177251824-177251824,"transcript_ENSG00000287544, gene_ENSG00000287544",NEIL3,-,
"rs62404374",ACE_inhibitor_1,808323,6,19080399,0.01951284893,6:19080168-19080168,No direct overlap,RNF144B,0.0022,
"rs142458305",ACE_inhibitor_1,980216,7,67683678,0.01768812723,7:68218691-68218691,"transcript_ENSG00000226829, gene_ENSG00000226829",SPDYE21,-,
"rs188312086",ACE_inhibitor_1,1139977,8,110592356,0.01961956359,8:109580127-109580127,"gene_SYBU, five_prime_utr_SYBU, transcript_SYBU, exon_SYBU",SYBU,0.0016,
"rs72720224",ACE_inhibitor_1,1158571,8,134512021,0.0215590056,8:133499778-133499778,"transcript_ST3GAL1, gene_ST3GAL1",ST3GAL1,0.0052,
"rs143223690",ACE_inhibitor_1,1262018,9,133958183,0.02210067585,9:131082796-131082796,"gene_LAMC3, transcript_LAMC3",LAMC3,0.0006,
"rs148292867",ACE_inhibitor_1,1341886,10,92075266,0.01838093065,10:90315509-90315509,No direct overlap,HTR7,0.004,
"rs149130078",ACE_inhibitor_1,1519897,12,44121444,0.01975380629,12:43727641-43727641,"three_prime_utr_PUS7L, transcript_PUS7L, gene_PUS7L, exon_PUS7L",PUS7L,0.002,
"rs116964562",ACE_inhibitor_1,1587426,12,131864217,0.01933310553,12:131379672-131379672,No direct overlap,ADGRD1,0.0052,
"rs185183742",ACE_inhibitor_1,1639692,13,84648413,0.02084423229,13:84074278-84074278,No direct overlap,SLITRK1,0.003,
"rs117742124",ACE_inhibitor_1,1644188,13,91865245,0.02174145356,13:91212991-91212991,No direct overlap,GPC5,0.0012,
"rs189781629",ACE_inhibitor_1,1803539,15,101920556,0.01689731516,15:101380351-101380351,"transcript_PCSK6, gene_PCSK6",PCSK6,0.003,
"rs192221507",ACE_inhibitor_1,1818615,16,10650924,0.01960409991,16:10557067-10557067,"gene_EMP2, transcript_EMP2",EMP2,0.004,
"rs117664943",ACE_inhibitor_1,1839910,16,52408480,0.02008385584,16:52374568-52374568,"transcript_ENSG00000289907, gene_ENSG00000289907",TOX3,0.0032,
"rs75197540",ACE_inhibitor_1,1934798,17,70094008,0.01875881664,17:72097867-72097867,"gene_ENSG00000288605, gene_SOX9-AS1, transcript_LINC02097, transcript_SOX9-AS1, transcript_ENSG00000288605, gene_LINC02097",SOX9,0.0074,
"rs140230420",ACE_inhibitor_1,2058969,19,51854481,0.01843646355,19:51351227-51351227,"transcript_ENSG00000267984, transcript_ENSG00000269403, transcript_ETFB, gene_ENSG00000267984, gene_ETFB, gene_ENSG00000269403",ETFB,0.0062,
"rs145269576",ACE_inhibitor_1,2109155,20,50078949,0.02095008455,20:51462412-51462412,"transcript_NFATC2, gene_NFATC2",NFATC2,0.0042,
"rs17294623",ACE_inhibitor_1,2112931,20,53889501,0.01789314859,20:55272962-55272962,No direct overlap,DOK5,0.026,
"rs150282124",ACE_inhibitor_1,2186936,22,49624215,0.01799511723,22:49228289-49228289,No direct overlap,TAFA5,0.0112,
"rs148206701",ACE_inhibitor_2,495234,3,188372180,0.01798176579,3:188654392-188654392,"gene_LPP, transcript_LPP",LPP,0.0028,
"rs34334509",ACE_inhibitor_2,750343,5,135385172,0.02097229473,5:136049483-136049483,"transcript_TGFBI, CDS_TGFBI, gene_TGFBI, exon_TGFBI, three_prime_utr_TGFBI",TGFBI,0.011,
"rs144247154",ACE_inhibitor_2,1016766,7,121961207,0.01973387785,7:122321153-122321153,"gene_CADPS2, transcript_CADPS2",CADPS2,0.0026,
"rs191055573",ACE_inhibitor_2,1124287,8,88445250,0.02008663118,8:87433022-87433022,"transcript_CNBD1, gene_CNBD1",CNBD1,0.0008,
"rs148577680",ACE_inhibitor_2,1192152,9,19073920,0.01860693097,9:19073922-19073922,"gene_RNU6-264P, exon_RNU6-264P, transcript_RNU6-264P, transcript_HAUS6, gene_HAUS6",HAUS6,0.0022,
"rs117529018",ACE_inhibitor_2,1273182,10,3567984,0.01835806854,10:3525792-3525792,No direct overlap,KLF6,0.0078,
"rs114541806",ACE_inhibitor_3,33042,1,39029285,0.0182818342,1:38563613-38563613,No direct overlap,RRAGC,0.0012,
"rs184367643",ACE_inhibitor_3,1741124,15,26488426,0.02007792518,15:26243279-26243279,No direct overlap,GABRB3,0.002,
"rs6073296",ACE_inhibitor_3,2102282,20,42664637,0.01903844625,20:44035997-44035997,"gene_TOX2, transcript_TOX2",TOX2,0.0014,
"rs117767429",ACE_inhibitor_4,1257600,9,128893395,0.01778412238,9:126131116-126131116,"gene_ENSG00000232413, transcript_ENSG00000232413",PBX3,0.001,
"rs138172331",angiotensin_receptor_blocker_1,22874,1,25198537,0.01853269152,1:24872046-24872046,No direct overlap,RUNX3,0.0022,
"rs72881644",angiotensin_receptor_blocker_1,23144,1,25427522,0.01798511669,1:25101031-25101031,"gene_ENSG00000233755, transcript_ENSG00000233755",SYF2,0.0787,
"rs138088348",angiotensin_receptor_blocker_1,23625,1,26318586,0.01887470484,1:25992095-25992095,"transcript_PAFAH2, gene_PAFAH2",PAFAH2,0.003,
"rs144639347",angiotensin_receptor_blocker_1,58715,1,75833225,0.02106659301,1:75367540-75367540,"transcript_SLC44A5, gene_SLC44A5",SLC44A5,0.002,
"rs146573497",angiotensin_receptor_blocker_1,104836,1,165141441,0.01885686442,1:165172204-165172204,No direct overlap,LMX1A,0.0006,
"rs187163957",angiotensin_receptor_blocker_1,130520,1,202696421,0.0197142791,1:202727293-202727293,"exon_KDM5B, three_prime_utr_KDM5B, gene_KDM5B, transcript_KDM5B",KDM5B,0.002,
"rs77425727",angiotensin_receptor_blocker_1,234266,2,70111689,0.01717593707,2:69884557-69884557,No direct overlap,GMCL1,0.0008,
"rs115415330",angiotensin_receptor_blocker_1,257522,2,112012756,0.0198824238,2:111255179-111255179,"gene_MIR4435-2HG, transcript_MIR4435-2HG",BCL2L11,0.005,
"rs141805590",angiotensin_receptor_blocker_1,271640,2,133187450,0.0179909952,2:132429877-132429877,"transcript_GPR39, gene_GPR39",GPR39,0.0006,
"rs148374441",angiotensin_receptor_blocker_1,279676,2,144523783,0.01721931808,2:143766214-143766214,"gene_ENSG00000257226, exon_ENSG00000257226, gene_ARHGAP15, transcript_ARHGAP15, transcript_ENSG00000257226",ARHGAP15,0.0018,
"rs187863682",angiotensin_receptor_blocker_1,282412,2,149302171,0.01687094942,2:148544602-148544602,No direct overlap,MBD5,0.002,
"rs149331329",angiotensin_receptor_blocker_1,291555,2,162382001,0.01846783608,2:161525491-161525491,"gene_SLC4A10, transcript_SLC4A10",SLC4A10,0.0018,
"rs184151917",angiotensin_receptor_blocker_1,293065,2,164882720,0.01912308857,2:164026210-164026210,"gene_ENSG00000237844, transcript_ENSG00000237844",FIGN,0.0006,
"rs116840771",angiotensin_receptor_blocker_1,364626,3,8775526,0.01749620028,3:8733840-8733840,"gene_SSUH2, transcript_CAV3, gene_CAV3, five_prime_utr_CAV3, transcript_SSUH2, exon_CAV3",SSUH2,0.0006,
"rs145550802",angiotensin_receptor_blocker_1,379326,3,24380696,0.02478952706,3:24339205-24339205,"gene_THRB, transcript_THRB",THRB,0.002,
"rs73036477",angiotensin_receptor_blocker_1,379496,3,24556816,0.01864925399,3:24515325-24515325,"gene_ENSG00000272554, gene_THRB-AS1, transcript_THRB-AS1, transcript_ENSG00000272554",THRB,0.0048,
"rs182699352",angiotensin_receptor_blocker_1,410147,3,64921949,0.01959360577,3:64936274-64936274,"transcript_ADAMTS9-AS2, gene_ADAMTS9-AS2",ADAMTS9,0.0016,
"rs184413138",angiotensin_receptor_blocker_1,502005,3,194930889,0.0191488713,3:195210160-195210160,"transcript_XXYLT1, gene_XXYLT1",XXYLT1,0.0006,
"rs191214313",angiotensin_receptor_blocker_1,562167,4,72663294,0.02043605223,4:71797577-71797577,"gene_GC, transcript_GC",GC,0.0016,
"rs74349862",angiotensin_receptor_blocker_1,605338,4,137543495,0.01868178509,4:136622340-136622340,No direct overlap,PCDH18,0.0048,
"rs150490772",angiotensin_receptor_blocker_1,697422,5,61367657,0.02102107927,5:62071830-62071830,No direct overlap,KIF2A,0.001,
"rs142075838",angiotensin_receptor_blocker_1,701896,5,67618134,0.01890655234,5:68322306-68322306,No direct overlap,PIK3R1,0.0022,
"rs113755170",angiotensin_receptor_blocker_1,716250,5,88720237,0.02043645084,5:89424420-89424420,"transcript_MEF2C-AS1, gene_MEF2C-AS1",MEF2C,0.0112,
"rs146336129",angiotensin_receptor_blocker_1,741167,5,122639905,0.0171817597,5:123304211-123304211,No direct overlap,CEP120,0.0028,
"rs181896451",angiotensin_receptor_blocker_1,775637,5,167720753,0.0261410214,5:168293748-168293748,"transcript_WWC1, gene_WWC1",WWC1,-,
"rs114215689",angiotensin_receptor_blocker_1,831698,6,46202768,0.01877869293,6:46235031-46235031,"gene_RCAN2, transcript_RCAN2",RCAN2,0.001,
"rs143521613",angiotensin_receptor_blocker_1,834599,6,50614678,0.02797070704,6:50646965-50646965,No direct overlap,TFAP2D,-,
"rs140526503",angiotensin_receptor_blocker_1,888502,6,134300574,0.02430505492,6:133979436-133979436,"gene_TBPL1, transcript_TBPL1, gene_ENSG00000288529, transcript_ENSG00000288529",TBPL1,0.0016,
"rs113590494",angiotensin_receptor_blocker_1,1028140,7,137317999,0.01832156442,7:137633253-137633253,"transcript_DGKI, gene_DGKI",DGKI,0.0006,
"rs141890705",angiotensin_receptor_blocker_1,1067092,8,12656839,0.0171344988,8:12799330-12799330,"gene_LINC03019, transcript_LINC00681, gene_LINC00681, transcript_LINC03019",LONRF1,0.0012,
"rs190365732",angiotensin_receptor_blocker_1,1163106,8,139305621,0.01808344573,8:138293378-138293378,"transcript_FAM135B, gene_FAM135B",FAM135B,0.0054,
"rs116871506",angiotensin_receptor_blocker_1,1170557,9,845330,0.01771257073,9:845330-845330,"gene_DMRT1, transcript_DMRT1",DMRT1,-,
"rs185768340",angiotensin_receptor_blocker_1,1215792,9,78974278,0.01975991763,9:76359362-76359362,"exon_PCSK5, gene_PCSK5, transcript_PCSK5, three_prime_utr_PCSK5",PCSK5,0.0016,
"rs79507684",angiotensin_receptor_blocker_1,1242145,9,110708676,0.02109847963,9:107946395-107946395,No direct overlap,KLF4,0.0014,
"rs139672274",angiotensin_receptor_blocker_1,1268677,9,139406010,0.02100518718,9:136511558-136511558,"gene_NOTCH1, transcript_NOTCH1",NOTCH1,-,
"rs116526713",angiotensin_receptor_blocker_1,1270457,10,1532974,0.01854657382,10:1490779-1490779,"transcript_ADARB2, gene_ADARB2",ADARB2,0.021,
"rs141819495",angiotensin_receptor_blocker_1,1276987,10,6586448,0.01836383902,10:6544486-6544486,"transcript_PRKCQ, gene_PRKCQ",PRKCQ,0.0006,
"rs183746285",angiotensin_receptor_blocker_1,1331880,10,80032754,0.01724939421,10:78272997-78272997,"gene_LINC00595, gene_ENSG00000282863, transcript_ENSG00000282863, transcript_LINC00595",RPS24,0.0008,
"rs184804851",angiotensin_receptor_blocker_1,1403908,11,24660422,0.02405039594,11:24638876-24638876,"transcript_LUZP2, gene_LUZP2",LUZP2,0.0026,
"rs117354851",angiotensin_receptor_blocker_1,1434694,11,76278718,0.01757065207,11:76567674-76567674,No direct overlap,EMSY,0.002,
"rs148922815",angiotensin_receptor_blocker_1,1560042,12,101462743,0.01786461473,12:101068965-101068965,"gene_ANO4, exon_SNX5P2, transcript_ANO4, transcript_SNX5P2, gene_SNX5P2",ANO4,-,
"rs138280806",angiotensin_receptor_blocker_1,1571414,12,115860521,0.02313117497,12:115422716-115422716,No direct overlap,MED13L,0.002,
"rs141600500",angiotensin_receptor_blocker_1,1612317,13,44884026,0.01846069843,13:44309890-44309890,No direct overlap,SERP2,0.0026,
"rs193085578",angiotensin_receptor_blocker_1,1618194,13,52759952,0.01731880382,13:52185817-52185817,"gene_MRPS31P5, gene_ENSG00000217576, transcript_MRPS31P5, transcript_ENSG00000217576",NEK3,0.001,
"rs117005163",angiotensin_receptor_blocker_1,1633747,13,75927593,0.02242572419,13:75353457-75353457,"gene_TBC1D4, transcript_TBC1D4",TBC1D4,0.003,
"rs72719656",angiotensin_receptor_blocker_1,1708267,14,74088209,0.02563662641,14:73621505-73621505,"transcript_ENSG00000258603, gene_ENSG00000258603",ACOT6,0.0016,
"rs145407759",angiotensin_receptor_blocker_1,1744861,15,31851981,0.01975542307,15:31559778-31559778,"transcript_OTUD7A, gene_OTUD7A",OTUD7A,-,
"rs113673695",angiotensin_receptor_blocker_1,1789226,15,89596748,0.01824240386,15:89053517-89053517,"transcript_CARMAL, gene_CARMAL",ABHD2,0.0034,
"rs150752424",angiotensin_receptor_blocker_1,1790059,15,90539906,0.01759732328,15:89996674-89996674,No direct overlap,ZNF710,0.0054,
"rs116283748",angiotensin_receptor_blocker_1,1843638,16,56353353,0.01796910726,16:56319441-56319441,"transcript_GNAO1, gene_GNAO1",GNAO1,-,
"rs189523015",angiotensin_receptor_blocker_1,1850263,16,63870825,0.01824660972,16:63836921-63836921,No direct overlap,CDH11,-,
"rs77078912",angiotensin_receptor_blocker_1,1920446,17,50269059,0.02332797833,17:52191699-52191699,No direct overlap,CA10,0.0026,
"rs138121536",angiotensin_receptor_blocker_1,1923834,17,55054055,0.01792373694,17:56976694-56976694,No direct overlap,SCPEP1,0.0012,
"rs117481877",angiotensin_receptor_blocker_1,1962489,18,13299464,0.01886817813,18:13299465-13299465,"transcript_LDLRAD4, gene_LDLRAD4",LDLRAD4,0.0014,
"rs141950929",angiotensin_receptor_blocker_1,1968571,18,25057322,0.01881807856,18:27477358-27477358,"transcript_ENSG00000264151, gene_ENSG00000264151",CHST9,-,
"rs141195814",angiotensin_receptor_blocker_1,2012298,18,76034546,0.02146682143,18:78274546-78274546,No direct overlap,SALL3,0.0014,
"rs144427853",angiotensin_receptor_blocker_1,2029009,19,13287458,0.01873232611,19:13176644-13176644,No direct overlap,IER2,0.0026,
"rs61735083",angiotensin_receptor_blocker_1,2063859,19,55494631,0.01791272499,19:54983263-54983263,"transcript_NLRP2, gene_NLRP2, CDS_NLRP2, exon_NLRP2",NLRP2,-,
"rs142007137",angiotensin_receptor_blocker_1,2075079,20,5816813,0.01822144911,20:5836167-5836167,"transcript_SHLD1, gene_SHLD1",SHLD1,0.0046,
"rs116875627",angiotensin_receptor_blocker_1,2101113,20,41532335,0.02063616179,20:42903695-42903695,"gene_PTPRT, transcript_PTPRT",PTPRT,0.0038,
"rs148704894",angiotensin_receptor_blocker_1,2121040,20,60631455,0.01656352542,20:62056399-62056399,"transcript_TAF4, gene_TAF4",TAF4,-,
"rs141710765",angiotensin_receptor_blocker_1,2123433,20,62486882,0.02011297643,20:63855529-63855529,No direct overlap,ABHD16B,0.0056,
"rs146638820",angiotensin_receptor_blocker_1,2125474,21,16696657,0.01701236703,21:15324338-15324338,No direct overlap,NRIP1,0.0066,
"rs112758123",angiotensin_receptor_blocker_1,2154639,21,46772617,0.01977325603,21:45352702-45352702,"gene_ENSG00000289448, transcript_ENSG00000289448",COL18A1,0.002,
"rs187676144",angiotensin_receptor_blocker_1,2160546,22,22770988,0.01831787638,22:22416652-22416652,No direct overlap,IGLV1-40,0.003,
"rs140635929",angiotensin_receptor_blocker_1,2178009,22,43098738,0.02179028839,22:42702732-42702732,"gene_CYB5R3, transcript_CYB5R3, transcript_A4GALT, gene_A4GALT",A4GALT,0.0032,
"rs138291114",angiotensin_receptor_blocker_1,2188168,22,50653063,0.02038244344,22:50214634-50214634,"gene_SELENOO, transcript_SELENOO",SELENOO,0.0064,
"rs72632114",angiotensin_receptor_blocker_2,2201,1,3165117,0.01833848655,1:3248553-3248553,"gene_PRDM16, transcript_PRDM16",PRDM16,0.004,
"rs151338772",angiotensin_receptor_blocker_2,128544,1,200677438,0.01757737808,1:200708310-200708310,No direct overlap,CAMSAP2,0.0014,
"rs115324426",angiotensin_receptor_blocker_2,173766,2,2391945,0.01857089624,2:2388173-2388173,No direct overlap,MYT1L,0.0026,
"rs182853247",angiotensin_receptor_blocker_2,485511,3,176947628,0.0180192329,3:177229840-177229840,No direct overlap,TBL1XR1,0.002,
"rs60907623",angiotensin_receptor_blocker_2,709548,5,79243962,0.01843819767,5:79948139-79948139,"gene_LINC01455, transcript_LINC01455",MTX3,0.1164,
"rs145373900",angiotensin_receptor_blocker_2,781235,5,172888672,0.0191902481,5:173461669-173461669,No direct overlap,STC2,0.0038,
"rs77758868",angiotensin_receptor_blocker_2,871198,6,109098646,0.02035052888,6:108777443-108777443,No direct overlap,ARMC2,0.0046,
"rs146128729",angiotensin_receptor_blocker_2,964741,7,41823128,0.0186749585,7:41783530-41783530,No direct overlap,INHBA,-,
"rs144102612",angiotensin_receptor_blocker_2,1026125,7,135004625,0.01865631714,7:135319873-135319873,No direct overlap,CNOT4,-,
"rs139420116",angiotensin_receptor_blocker_2,1151116,8,126880446,0.01820719615,8:125868202-125868202,"transcript_LINC00861, gene_LINC00861, transcript_LINC02964, gene_LINC02964",TRIB1,0.0096,
"rs150222321",angiotensin_receptor_blocker_2,1183586,9,10955009,0.01969289593,9:10955009-10955009,No direct overlap,PTPRD,0.003,
"rs147171121",angiotensin_receptor_blocker_2,1190310,9,17551310,0.01841328293,9:17551312-17551312,No direct overlap,SH3GL2,0.0016,
"rs144633778",angiotensin_receptor_blocker_2,1303864,10,35406983,0.01926459931,10:35118055-35118055,"gene_CUL2, gene_ENSG00000230534, transcript_CUL2, transcript_ENSG00000230534",CUL2,0.002,
"rs150469995",angiotensin_receptor_blocker_2,1311201,10,53029051,0.01862248778,10:51269291-51269291,"gene_PRKG1, transcript_PRKG1",PRKG1,0.0022,
"rs151076299",angiotensin_receptor_blocker_2,1402181,11,22588349,0.01719513908,11:22566803-22566803,No direct overlap,FANCF,-,
"rs76097332",angiotensin_receptor_blocker_2,1425053,11,62515280,0.01842916757,11:62747808-62747808,No direct overlap,ZBTB3,0.0122,
"rs193263969",angiotensin_receptor_blocker_2,1732746,14,100500771,0.01865513809,14:100034434-100034434,"gene_EVL, transcript_EVL",EVL,0.0018,
"rs151265921",angiotensin_receptor_blocker_2,1758035,15,50496803,0.01863243058,15:50204606-50204606,"transcript_SLC27A2, gene_SLC27A2",SLC27A2,0.004,
"rs117541041",angiotensin_receptor_blocker_2,1907730,17,32347924,0.01843952574,17:34020905-34020905,"transcript_ASIC2, transcript_ENSG00000265356, gene_ENSG00000279668, gene_ENSG00000265356, transcript_ENSG00000279668, gene_ASIC2",ASIC2,0.0016,
"rs4369789",angiotensin_receptor_blocker_2,2062175,19,54187752,0.02454056591,19:53684498-53684498,"gene_ENSG00000269842, transcript_ENSG00000269842",DPRX,0.1274,
"rs6127014",angiotensin_receptor_blocker_2,2111663,20,52537101,0.02104202472,20:53920562-53920562,No direct overlap,BCAS1,0.1518,
"rs370054517",angiotensin_receptor_blocker_3,499585,3,193109714,0.01719263755,3:193391925-193391925,No direct overlap,ATP13A4,-,
"rs80148026",angiotensin_receptor_blocker_3,943228,7,18863006,0.02178145386,7:18823383-18823383,"gene_HDAC9, transcript_HDAC9",HDAC9,0.0084,
"rs191852155",angiotensin_receptor_blocker_3,1107201,8,63757644,0.01872710884,8:62845085-62845085,"gene_NKAIN3, transcript_NKAIN3",NKAIN3,0.0008,
"rs144282692",angiotensin_receptor_blocker_3,1281146,10,10262959,0.01726791635,10:10220996-10220996,No direct overlap,CELF2,0.0044,
"rs141570684",angiotensin_receptor_blocker_3,1767299,15,61606025,0.01709089614,15:61313826-61313826,"gene_ENSG00000259616, transcript_ENSG00000259616",RORA,0.0024,
"rs186706126",angiotensin_receptor_blocker_3,1889224,17,6027151,0.01642856747,17:6123831-6123831,"gene_WSCD1, exon_WSCD1, transcript_WSCD1, three_prime_utr_WSCD1",WSCD1,0.002,
"rs146999907",angiotensin_receptor_blocker_3,1889420,17,6182819,0.01701324061,17:6279499-6279499,No direct overlap,AIPL1,0.0014,
"rs187057940",angiotensin_receptor_blocker_3,1932787,17,67709715,0.0198381003,17:69713574-69713574,"gene_LINC01483, transcript_LINC01483",MAP2K6,0.0004,
"rs138186329",angiotensin_receptor_blocker_4,1490882,12,4587583,0.02026559785,12:4478417-4478417,No direct overlap,C12orf4,0.0048,
"rs182784174",angiotensin_receptor_blocker_4,1965799,18,22020686,0.02060467377,18:24440722-24440722,"transcript_IMPACT, gene_IMPACT",IMPACT,0.0014,
"rs141889486",angiotensin_receptor_blocker_4,2145289,21,39082671,0.01796575449,21:37710369-37710369,"gene_KCNJ6, transcript_KCNJ6",KCNJ6,0.0016,
"rs144421201",beta_blocker_1,22965,1,25289840,0.01949814893,1:24963349-24963349,"gene_RUNX3, transcript_RUNX3",RUNX3,0.0078,
"rs144685771",beta_blocker_1,134658,1,207994183,0.01981733553,1:207820838-207820838,"gene_MIR29B2CHG, transcript_MIR29B2CHG",CD46,0.0018,
"rs190114363",beta_blocker_1,184640,2,12712404,0.0176051259,2:12572278-12572278,"transcript_MIR3681HG, gene_MIR3681HG",TRIB2,-,
"rs144256844",beta_blocker_1,212865,2,45477881,0.01897809282,2:45250742-45250742,"gene_LINC01121, transcript_LINC01121",SRBD1,0.004,
"rs190799132",beta_blocker_1,343160,2,233616147,0.01822243072,2:232751437-232751437,"transcript_GIGYF2, gene_GIGYF2",GIGYF2,0.0016,
"rs182622565",beta_blocker_1,551053,4,57054434,0.01819994487,4:56188268-56188268,"gene_CRACD, transcript_CRACD",CRACD,0.0022,
"rs111458778",beta_blocker_1,628966,4,169403241,0.01919405162,4:168482090-168482090,"gene_DDX60L, transcript_DDX60L",DDX60L,0.0046,
"rs187600621",beta_blocker_1,811123,6,22043330,0.02077449486,6:22043101-22043101,"gene_CASC15, transcript_CASC15",PRL,0.0014,
"rs147204473",beta_blocker_1,867420,6,104305646,0.01875180192,6:103857771-103857771,No direct overlap,HACE1,-,
"rs190269747",beta_blocker_1,870791,6,108366325,0.01880902797,6:108045121-108045121,"transcript_OSTM1, gene_OSTM1",OSTM1,0.003,
"rs144925692",beta_blocker_1,957699,7,33482437,0.01841945574,7:33442825-33442825,"transcript_BBS9, gene_BBS9",BBS9,0.0014,
"rs186106509",beta_blocker_1,1004054,7,102954250,0.0202442687,7:103313803-103313803,"exon_PMPCB, transcript_PMPCB, transcript_DNAJC2, gene_DNAJC2, three_prime_utr_PMPCB, gene_PMPCB",DNAJC2,-,
"rs139060027",beta_blocker_1,1062522,8,8438210,0.01893086918,8:8580700-8580700,No direct overlap,CLDN23,0.0034,
"rs117536933",beta_blocker_1,1073183,8,17289784,0.01965282112,8:17432275-17432275,No direct overlap,MTMR7,-,
"rs150850554",beta_blocker_1,1171156,9,1266709,0.01806454919,9:1266709-1266709,No direct overlap,DMRT2,-,
"rs117915504",beta_blocker_1,1244784,9,113273609,0.01907481812,9:110511329-110511329,"transcript_SVEP1, gene_SVEP1",SVEP1,-,
"rs149418701",beta_blocker_1,1256301,9,126864400,0.01776060835,9:124102121-124102121,No direct overlap,LHX2,-,
"rs79006525",beta_blocker_1,1300083,10,30283931,0.01792078465,10:29995002-29995002,"transcript_ENSG00000288874, gene_ENSG00000288874",JCAD,0.003,
"rs189108605",beta_blocker_1,1361018,10,118510936,0.01644301973,10:116751425-116751425,"gene_HSPA12A, transcript_HSPA12A",HSPA12A,0.0012,
"rs190209062",beta_blocker_1,1657640,13,106768184,0.02074341103,13:106115835-106115835,No direct overlap,EFNB2,0.001,
"rs185091615",beta_blocker_1,1791429,15,91992972,0.01888540573,15:91449742-91449742,"gene_CRAT37, transcript_CRAT37",SV2B,-,
"rs150533931",beta_blocker_1,1848470,16,61411925,0.02040691301,16:61378021-61378021,No direct overlap,CDH8,0.0006,
"rs117653438",beta_blocker_1,1889926,17,6584766,0.01979147457,17:6681447-6681447,"transcript_C17orf100, transcript_ENSG00000290366, gene_ENSG00000290366, gene_C17orf100",C17orf100,0.0022,
"rs138158695",beta_blocker_1,2122126,20,61508677,0.0273439344,20:62877325-62877325,No direct overlap,DIDO1,0.0014,
"rs145834015",beta_blocker_2,1252575,9,121847985,0.01868774369,9:119085707-119085707,No direct overlap,BRINP1,0.002,
"rs186992082",beta_blocker_3,326336,2,213333083,0.0201119408,2:212468359-212468359,"transcript_ERBB4, gene_ERBB4",ERBB4,-,
"rs138956789",beta_blocker_3,447380,3,123720063,0.01962334476,3:124001216-124001216,No direct overlap,ROPN1,-,
"rs145205558",beta_blocker_3,657263,5,5114676,0.01795756258,5:5114563-5114563,No direct overlap,ADAMTS16,0.0034,
"rs182639909",beta_blocker_3,1168185,8,144362125,0.0186679773,8:143279955-143279955,No direct overlap,GLI4,0.0014,
"rs74971286",beta_blocker_3,1405677,11,27106503,0.0199928768,11:27084956-27084956,"gene_BBOX1, transcript_BBOX1, gene_BBOX1-AS1, transcript_BBOX1-AS1",BBOX1,0.0012,
"rs141420103",beta_blocker_3,1721918,14,90538172,0.01702518761,14:90071828-90071828,"gene_KCNK13, transcript_KCNK13",KCNK13,0.0018,
"rs61833473",beta_blocker_4,166665,1,244162919,-0.01757163368,1:243999617-243999617,"gene_LINC02774, transcript_LINC02774",ZBTB18,0.0026,
"rs117972509",beta_blocker_4,1422158,11,58425534,0.01956125535,11:58658061-58658061,"gene_GLYAT, transcript_GLYAT",GLYAT,-,
"rs61984446",beta_blocker_4,1701762,14,64824468,0.02023171633,14:64357750-64357750,"gene_TEX21P, transcript_TEX21P",ESR2,0.0018,
"rs78822698",beta_blocker_5,2008274,18,73087197,0.02300315909,18:75375242-75375242,No direct overlap,SMIM21,0.0058,
"rs184527541",calcium_channel_blocker_1,49758,1,62624208,0.01810533926,1:62158536-62158536,"gene_PATJ, transcript_PATJ",PATJ,0.0012,
"rs61775909",calcium_channel_blocker_1,50139,1,62990946,0.02207603492,1:62525275-62525275,"gene_DOCK7, transcript_DOCK7",DOCK7,-,
"rs186545210",calcium_channel_blocker_1,58115,1,74733329,0.01719641313,1:74267645-74267645,"transcript_FPGT-TNNI3K, gene_TNNI3K, gene_FPGT-TNNI3K, transcript_TNNI3K",TNNI3K,0.0014,
"rs182720155",calcium_channel_blocker_1,96521,1,155171865,0.01994423382,1:155202074-155202074,"transcript_THBS3, exon_THBS3-AS1, gene_THBS3-AS1, gene_THBS3, exon_THBS3, five_prime_utr_THBS3, transcript_THBS3-AS1",THBS3,0.0012,
"rs201893237",calcium_channel_blocker_1,128757,1,200969788,0.01770648174,1:201000660-201000660,"gene_KIF21B, transcript_KIF21B",KIF21B,0.0012,
"rs147403764",calcium_channel_blocker_1,319300,2,204913226,0.01819896139,2:204048503-204048503,No direct overlap,ICOS,0.0024,
"rs74743637",calcium_channel_blocker_1,495324,3,188464725,0.01836521551,3:188746937-188746937,"gene_LPP, transcript_LPP",LPP,0.0034,
"rs148849392",calcium_channel_blocker_1,511605,4,6461338,0.0179045517,4:6459611-6459611,"transcript_PPP2R2C, gene_PPP2R2C",PPP2R2C,0.001,
"rs187899855",calcium_channel_blocker_1,543855,4,42932627,0.02155628055,4:42930610-42930610,"gene_GRXCR1, transcript_GRXCR1",GRXCR1,0.0018,
"rs35460365",calcium_channel_blocker_1,603875,4,135437136,0.01971304603,4:134515981-134515981,"transcript_LINC02462, gene_LINC02462",PABPC4L,0.0028,
"rs77445702",calcium_channel_blocker_1,661412,5,9186667,0.0179051701,5:9186555-9186555,"transcript_SEMA5A, gene_SEMA5A",SEMA5A,0.0042,
"rs188791650",calcium_channel_blocker_1,1081213,8,23466861,0.01925276779,8:23609348-23609348,No direct overlap,SLC25A37,0.0002,
"rs181351022",calcium_channel_blocker_1,1131789,8,99071699,0.02036214806,8:98059471-98059471,No direct overlap,ERICH5,0.0012,
"rs146392926",calcium_channel_blocker_1,1161048,8,136804949,0.01800622977,8:135792706-135792706,No direct overlap,KHDRBS3,0.0016,
"rs147500968",calcium_channel_blocker_1,1234900,9,101898461,0.01857327297,9:99136179-99136179,"gene_TGFBR1, transcript_TGFBR1",TGFBR1,0.0012,
"rs11004992",calcium_channel_blocker_1,1315140,10,57498443,0.02420284972,10:55738683-55738683,No direct overlap,PCDH15,0.0821,
"rs191514967",calcium_channel_blocker_1,1391472,11,10871028,0.01995445229,11:10849481-10849481,"transcript_ZBED5, gene_ZBED5",ZBED5,-,
"rs138394314",calcium_channel_blocker_1,1498695,12,13342470,0.01885687187,12:13189536-13189536,No direct overlap,EMP1,-,
"rs79096778",calcium_channel_blocker_1,1500514,12,15306479,0.0194914937,12:15153545-15153545,"gene_RERG, transcript_RERG-AS1, gene_RERG-AS1, transcript_RERG",RERG,0.0078,
"rs139329943",calcium_channel_blocker_1,1508883,12,25168260,0.01892314851,12:25015326-25015326,"transcript_IRAG2, gene_IRAG2",IRAG2,0.0042,
"rs144767112",calcium_channel_blocker_1,1534147,12,65831612,0.01903430372,12:65437832-65437832,"gene_MSRB3, transcript_MSRB3",MSRB3,0.0012,
"rs117387730",calcium_channel_blocker_1,1549123,12,87561900,0.01810292341,12:87168123-87168123,No direct overlap,MGAT4C,0.0128,
"rs145810261",calcium_channel_blocker_1,1552243,12,92818369,0.01845121011,12:92424593-92424593,"gene_CLLU1, transcript_CLLU1, exon_CLLU1, transcript_ENSG00000266923, gene_CLLU1-AS1, transcript_CLLU1-AS1, gene_ENSG00000266923",PLEKHG7,0.0018,
"rs193206371",calcium_channel_blocker_1,1557524,12,98237348,0.02154781483,12:97843570-97843570,No direct overlap,TMPO,-,
"rs9507915",calcium_channel_blocker_1,1598370,13,28215036,0.01904230006,13:27640899-27640899,"gene_POLR1D, transcript_POLR1D",POLR1D,0.0074,
"rs181650124",calcium_channel_blocker_1,1662322,13,110911758,0.01765189879,13:110259411-110259411,"gene_COL4A1, transcript_COL4A1",COL4A1,-,
"rs12901762",calcium_channel_blocker_1,1797844,15,97171503,0.0177031178,15:96628273-96628273,No direct overlap,NR2F2,0.0006,
"rs144201782",calcium_channel_blocker_1,1865701,16,80430031,0.02343862131,16:80396134-80396134,"gene_DYNLRB2-AS1, transcript_DYNLRB2-AS1",DYNLRB2,0.0038,
"rs186659731",calcium_channel_blocker_1,1907363,17,32046098,0.01790292189,17:33719079-33719079,"gene_ASIC2, transcript_ASIC2",ASIC2,0.0024,
"rs71389743",calcium_channel_blocker_1,1944890,17,78203525,0.02261403203,17:80229726-80229726,"gene_SLC26A11, transcript_SLC26A11",SLC26A11,0.0188,
"rs189885230",calcium_channel_blocker_1,1995036,18,58549450,0.02121434733,18:60882217-60882217,"gene_ENSG00000267098, transcript_ENSG00000267098",CDH20,0.0016,
"rs140766478",calcium_channel_blocker_1,2037406,19,23196055,0.02158578672,19:23013253-23013253,No direct overlap,ZNF728,-,
"rs144892974",calcium_channel_blocker_1,2121696,20,61188676,0.01785489731,20:62591469-62591469,No direct overlap,SLCO4A1,0.0014,
"rs7282912",calcium_channel_blocker_1,2145507,21,39262378,0.02112906426,21:37890075-37890075,"gene_KCNJ6, transcript_KCNJ6",KCNJ6,0.0645,
"rs184631735",calcium_channel_blocker_2,73099,1,95256330,0.0182511434,1:94790774-94790774,"transcript_SLC44A3-AS1, gene_SLC44A3-AS1",SLC44A3,0.001,
"rs140277846",calcium_channel_blocker_2,1006520,7,105714385,0.0183513537,7:106073939-106073939,No direct overlap,SYPL1,0.0028,
"rs149010652",calcium_channel_blocker_2,1238641,9,106906703,0.01901895739,9:104144422-104144422,No direct overlap,SMC2,-,
"rs143866154",calcium_channel_blocker_2,1569630,12,114306637,0.01800891757,12:113868832-113868832,"transcript_RBM19, gene_ENSG00000287229, gene_RBM19, transcript_ENSG00000287229",RBM19,0.003,
"rs181258847",calcium_channel_blocker_2,1740787,15,26228735,0.0179412961,15:25983588-25983588,"transcript_LINC02346, gene_LINC02346",ATP10A,0.0012,
"rs139626914",calcium_channel_blocker_2,1780442,15,79212490,0.01956994459,15:78920148-78920148,No direct overlap,CTSH,0.0024,
"rs185945424",calcium_channel_blocker_2,1816460,16,8920662,0.01812756807,16:8826805-8826805,"gene_PMM2, transcript_PMM2",PMM2,0.002,
"rs77532686",calcium_channel_blocker_3,278257,2,142635320,0.02042568848,2:141877751-141877751,"gene_LRP1B, transcript_LRP1B",LRP1B,0.0184,
"rs150581373",calcium_channel_blocker_3,383711,3,29347843,0.01929691806,3:29306352-29306352,"transcript_RBMS3, gene_RBMS3, gene_ENSG00000283563, transcript_ENSG00000283563",ENSG00000283563,0.004,
"rs188016401",calcium_channel_blocker_3,692319,5,54868300,0.02131595835,5:55572472-55572472,No direct overlap,PLPP1,0.0018,
"rs145080064",calcium_channel_blocker_3,870163,6,107531011,0.01973803528,6:107209807-107209807,"transcript_PDSS2, gene_PDSS2",PDSS2,0.0016,
"rs143706810",calcium_channel_blocker_3,1000707,7,97645738,0.0200037118,7:98016426-98016426,No direct overlap,OCM2,0.0014,
"rs140588548",calcium_channel_blocker_3,1214069,9,77689306,0.01797504164,9:75074390-75074390,"gene_NMRK1, transcript_NMRK1",NMRK1,0.003,
"rs186987502",calcium_channel_blocker_3,1407206,11,29757975,-0.01830966957,11:29736428-29736428,"gene_LINC02755, transcript_ENSG00000254734, gene_ENSG00000254734, transcript_LINC02755",KCNA4,0.0036,
"rs112442573",calcium_channel_blocker_3,1970428,18,27939175,0.0201223325,18:30359209-30359209,"gene_ENSG00000286605, transcript_ENSG00000286605",DSC3,0.012,
"rs143500510",calcium_channel_blocker_3,2045545,19,36034470,0.01957156323,19:35543568-35543568,"gene_GAPDHS, exon_TMEM147-AS1, gene_TMEM147-AS1, transcript_GAPDHS, transcript_TMEM147-AS1",GAPDHS,0.0022,
"rs182728076",calcium_channel_blocker_4,969342,7,47126979,0.01954193227,7:47087381-47087381,No direct overlap,TNS3,0.0006,
"rs182415001",calcium_channel_blocker_5,601038,4,130510795,0.01901376806,4:129589640-129589640,No direct overlap,C4orf33,0.001,
"rs142892127",calcium_channel_blocker_5,635487,4,177787811,0.0164250508,4:176866657-176866657,"transcript_ENSG00000249458, exon_ENSG00000249458, gene_ENSG00000249458, gene_ENSG00000287544, transcript_ENSG00000287544",VEGFC,0.0026,
"rs17355996",cvd_1,92707,1,146694186,0.02098798379,1:147222594-147222594,"gene_ENSG00000237188, gene_FMO5, transcript_ENSG00000237188, transcript_FMO5",FMO5,0.0018,
"rs62188189",cvd_1,291947,2,163095664,0.01967701316,2:162239154-162239154,"transcript_FAP, gene_FAP",FAP,0.001,
"rs148603621",cvd_1,340057,2,230135291,0.02149119973,2:229270575-229270575,"gene_PID1, transcript_PID1",PID1,0.004,
"rs192522756",cvd_1,383208,3,28900262,0.01654618979,3:28858771-28858771,"transcript_RBMS3, gene_RBMS3, gene_ENSG00000283563, transcript_ENSG00000283563",ENSG00000283563,0.001,
"rs188320785",cvd_1,539249,4,37998840,0.01955823228,4:37997219-37997219,"gene_TBC1D1, transcript_TBC1D1",TBC1D1,0.001,
"rs140964959",cvd_1,654768,5,2867710,0.01873037405,5:2867596-2867596,No direct overlap,IRX2,0.0056,
"rs191721434",cvd_1,673307,5,24837034,0.01736654714,5:24836925-24836925,"transcript_LINC02239, exon_LINC02239, gene_LINC02239, transcript_ENSG00000286238, gene_ENSG00000286238",CDH10,-,
"rs79964975",cvd_1,812162,6,23064490,0.01715470292,6:23064262-23064262,No direct overlap,HDGFL1,0.0018,
"rs141203544",cvd_1,1039751,7,151494146,0.01875099353,7:151797060-151797060,"gene_PRKAG2, transcript_PRKAG2",PRKAG2,0.0068,
"rs138073896",cvd_1,1171609,9,1590393,0.02139479853,9:1590393-1590393,No direct overlap,SMARCA2,0.0026,
"rs144085082",cvd_1,1221244,9,84884290,0.01777662523,9:82269375-82269375,"transcript_ENSG00000290551, gene_ENSG00000290551",SPATA31D1,0.0016,
"rs4880139",cvd_1,1268991,9,139642896,0.01627861895,9:136748444-136748444,"transcript_LCN6, CDS_ENSG00000204003, gene_ENSG00000204003, CDS_LCN6, exon_LCN6, exon_ENSG00000204003, transcript_ENSG00000204003, gene_LCN6",ENSG00000204003,0.003,
"rs11255936",cvd_1,1279963,10,8850107,0.01775102131,10:8808144-8808144,No direct overlap,GATA3,0.0014,
"rs45557231",cvd_1,1287301,10,15272463,0.01864434965,10:15230464-15230464,"transcript_FAM171A1, gene_FAM171A1",FAM171A1,-,
"rs117155709",cvd_1,1300325,10,30608938,0.01805581152,10:30320009-30320009,"transcript_MTPAP, gene_MTPAP",MTPAP,0.004,
"rs189346338",cvd_1,1355843,10,112199654,0.02618181705,10:110439896-110439896,"gene_DUSP5-DT, transcript_DUSP5-DT",DUSP5,0.0006,
"rs78577907",cvd_1,1401584,11,21777554,0.01747570187,11:21756008-21756008,No direct overlap,ANO5,0.0032,
"rs200180264",cvd_1,1462252,11,112041293,0.01944927499,11:112170570-112170570,"transcript_ENSG00000255292, gene_ENSG00000255292, transcript_TEX12, transcript_ENSG00000254638, gene_ENSG00000254638, gene_TEX12",TEX12,0.0004,
"rs182472449",cvd_1,1491597,12,5251933,0.02018365078,12:5142767-5142767,No direct overlap,KCNA5,-,
"rs140349322",cvd_1,1557838,12,98645755,0.02246312611,12:98251977-98251977,"gene_ENSG00000258312, transcript_ENSG00000258312",TMPO,0.0046,
"rs73191788",cvd_1,1563480,12,105315548,0.01934240013,12:104921770-104921770,"gene_SLC41A2, transcript_SLC41A2",SLC41A2,0.0014,
"rs192750610",cvd_1,1569008,12,113738565,0.01823780313,12:113300760-113300760,"transcript_SLC8B1, gene_SLC8B1",SLC8B1,0.001,
"rs191671795",cvd_1,1642385,13,89285636,0.02035456523,13:88633382-88633382,No direct overlap,SLITRK5,0.002,
"rs72671117",cvd_1,1668513,14,21540923,0.01952688582,14:21072764-21072764,"transcript_ARHGEF40, gene_ARHGEF40",ARHGEF40,0.0034,
"rs74800820",cvd_1,1766431,15,60972325,0.01788004115,15:60680126-60680126,"transcript_RORA, gene_RORA",RORA,0.0395,
"rs142717064",cvd_1,1774702,15,70443906,0.0195316691,15:70151567-70151567,No direct overlap,TLE3,0.0016,
"rs149200572",cvd_1,1889512,17,6281605,0.02119289525,17:6378285-6378285,No direct overlap,AIPL1,0.0026,
"rs150741211",cvd_1,1936522,17,71449824,0.01875223592,17:73453685-73453685,"transcript_SDK2, gene_SDK2",SDK2,0.0008,
"rs34891108",cvd_1,1954518,18,6017101,0.01676807366,18:6017102-6017102,"transcript_ENSG00000266846, transcript_L3MBTL4, gene_L3MBTL4, gene_ENSG00000266846",L3MBTL4,0.0024,
"rs142687713",cvd_1,2045325,19,35889462,0.01880006865,19:35398560-35398560,No direct overlap,GPR42,-,
"rs190413395",cvd_1,2055039,19,48313030,0.01845909283,19:47809773-47809773,"gene_TPRX1, transcript_TPRX1",TPRX1,0.0016,
"rs186939266",cvd_1,2055708,19,48926199,0.01725289412,19:48422942-48422942,"transcript_GRIN2D, gene_GRIN2D",GRIN2D,0.0076,
"rs78578382",cvd_1,2104464,20,45183541,0.01944292895,20:46554902-46554902,No direct overlap,SLC13A3,0.0068,
"rs6067277",cvd_1,2107604,20,48559577,0.01973508485,20:49943040-49943040,"gene_RNF114, transcript_RNF114",RNF114,0.0008,
"rs187399522",cvd_2,141746,1,216109418,0.01728994772,1:215936076-215936076,"transcript_USH2A, gene_USH2A",USH2A,0.0004,
"rs139171120",cvd_2,500833,3,194128115,0.01608871669,3:194407386-194407386,"transcript_ATP13A3, gene_ATP13A3",ATP13A3,0.006,
"rs147874472",cvd_2,779775,5,171575576,0.01892792992,5:172148572-172148572,"transcript_STK10, gene_STK10",STK10,0.006,
"rs144381806",cvd_2,812753,6,23602436,0.01905370317,6:23602208-23602208,No direct overlap,NRSN1,0.0016,
"rs8191756",cvd_2,910934,6,160448983,0.01978176087,6:160027951-160027951,"transcript_IGF2R, gene_IGF2R",IGF2R,0.0016,
"rs187915835",cvd_2,983032,7,71117731,0.02135396935,7:71652746-71652746,"transcript_GALNT17, gene_GALNT17",GALNT17,0.0018,
"rs140690850",cvd_2,1030340,7,139684996,0.01905563101,7:139985197-139985197,"gene_TBXAS1, transcript_TBXAS1",TBXAS1,0.006,
"rs141862801",cvd_2,1542213,12,76503158,0.01944561489,12:76109378-76109378,No direct overlap,NAP1L1,-,
"rs149347606",cvd_2,1892695,17,9236450,0.01731798612,17:9333133-9333133,"gene_STX8, transcript_STX8",STX8,0.0026,
"rs185869149",cvd_3,19967,1,21892167,0.01977424696,1:21565674-21565674,"gene_ALPL, transcript_ALPL",ALPL,-,
"rs75236628",cvd_3,52205,1,65517671,0.01797088794,1:65051988-65051988,"gene_JAK1, transcript_JAK1",JAK1,0.0026,
"rs145358946",cvd_3,111168,1,172779792,0.01772304997,1:172810652-172810652,"transcript_ENSG00000224228, gene_ENSG00000224228",FASLG,0.0022,
"rs143560506",cvd_3,138468,1,212015500,0.01975076832,1:211842158-211842158,"gene_LPGAT1-AS1, transcript_LPGAT1-AS1",LPGAT1,0.0018,
"rs76455407",cvd_3,1094368,8,40454889,0.01927234791,8:40597370-40597370,"transcript_ZMAT4, gene_ZMAT4",ZMAT4,0.0074,
"rs139879784",cvd_3,1794477,15,94188498,0.01778265834,15:93645269-93645269,"gene_ENSG00000258631, transcript_ENSG00000258631",RGMA,-,
"rs186706126",cvd_3,1889224,17,6027151,0.01726901159,17:6123831-6123831,"gene_WSCD1, exon_WSCD1, transcript_WSCD1, three_prime_utr_WSCD1",WSCD1,0.002,
"rs149575872",cvd_3,2020557,19,4712183,0.01808080263,19:4712171-4712171,"transcript_DPP9, gene_DPP9",DPP9,0.0028,
"rs151259230",cvd_4,1927820,17,61429673,0.01883808896,17:63352312-63352312,"gene_TANC2, transcript_TANC2",TANC2,-,
"rs56032426",DBP_1,702447,5,68321481,0.01747092977,5:69025654-69025654,"transcript_ENSG00000249335, transcript_LINC02198, gene_LINC02198, gene_ENSG00000249335",SLC30A5,0.0004,
"rs138940605",DBP_2,39469,1,48472851,0.01669834554,1:48007179-48007179,No direct overlap,TRABD2B,0.0024,
"rs183950696",DBP_2,937176,7,13323029,0.02074248344,7:13283404-13283404,"transcript_ENSG00000229618, gene_ENSG00000229618",ARL4A,0.001,
"rs150138766",DBP_2,1335617,10,84025784,0.01916309074,10:82266028-82266028,"transcript_NRG3, gene_NRG3",NRG3,0.002,
"rs183311734",DBP_3,488313,3,180694932,-0.01734571531,3:180977144-180977144,"exon_FXR1, transcript_FXR1, gene_FXR1, three_prime_utr_FXR1",FXR1,0.0006,
"rs184846601",DBP_3,673451,5,24973722,0.01860633865,5:24973613-24973613,No direct overlap,CDH10,0.0018,
"rs62377689",DBP_4,757991,5,146654687,0.01791883446,5:147275124-147275124,"transcript_STK32A, gene_STK32A",STK32A,-,
"rs191210229",diuretic_1,10540,1,11475630,0.01891289838,1:11415573-11415573,No direct overlap,DISP3,0.0054,
"rs144542905",diuretic_1,192589,2,21697767,0.01714029722,2:21474895-21474895,"transcript_ENSG00000233005, transcript_ENSG00000231204, gene_ENSG00000231204, gene_ENSG00000233005",TDRD15,0.0014,
"rs192968621",diuretic_1,264106,2,121868344,0.01840676926,2:121110768-121110768,No direct overlap,TFCP2L1,0.001,
"rs116665860",diuretic_1,297029,2,170177510,0.01807954721,2:169321000-169321000,"gene_LRP2, transcript_LRP2",LRP2,-,
"rs185962031",diuretic_1,311818,2,191597764,0.01920769922,2:190733038-190733038,"transcript_ENSG00000228509, gene_ENSG00000228509",NAB1,0.001,
"rs182072979",diuretic_1,340958,2,231183133,0.01783790439,2:230318418-230318418,No direct overlap,SP140,0.0016,
"rs202137418",diuretic_1,355037,3,1414166,0.02004807815,3:1372482-1372482,"gene_CNTN6, transcript_CNTN6",CNTN6,-,
"rs145232183",diuretic_1,412045,3,66705345,0.01852733269,3:66654921-66654921,No direct overlap,LRIG1,0.003,
"rs189965878",diuretic_1,465434,3,148534441,0.02047109976,3:148816654-148816654,"gene_CPB1, transcript_CPB1",CPB1,0.0032,
"rs62291330",diuretic_1,482408,3,173235853,0.0179635603,3:173518063-173518063,"transcript_NLGN1, gene_NLGN1",NLGN1,0.0048,
"rs79139336",diuretic_1,499697,3,193234275,0.01863632724,3:193516486-193516486,"transcript_ATP13A4, gene_ATP13A4",ATP13A4,0.002,
"rs185375539",diuretic_1,647370,4,187616396,0.02024285682,4:186695242-186695242,"transcript_FAT1, gene_FAT1",FAT1,-,
"rs142832537",diuretic_1,706519,5,75811006,0.01914054528,5:76515181-76515181,"transcript_IQGAP2, gene_IQGAP2",IQGAP2,0.0028,
"rs141126172",diuretic_1,764692,5,154751183,0.01970923133,5:155371623-155371623,No direct overlap,KIF4B,0.0018,
"rs76882599",diuretic_1,798581,6,8230366,0.01967642829,6:8230133-8230133,"transcript_ENSG00000232234, transcript_ENSG00000285216, exon_ENSG00000232234, gene_ENSG00000232234, exon_ENSG00000285216, gene_ENSG00000285216",EEF1E1,0.009,
"rs56274823",diuretic_1,876701,6,117715381,0.02004583739,6:117394218-117394218,"transcript_ROS1, exon_ROS1, transcript_ENSG00000282218, CDS_ROS1, gene_ENSG00000282218, gene_ROS1",ENSG00000282218,0.001,
"rs192093606",diuretic_1,877777,6,119497087,0.02257886901,6:119175922-119175922,"transcript_ENSG00000253194, gene_ENSG00000253194",MAN1A1,0.0006,
"rs148287286",diuretic_1,887418,6,132954078,0.01721932925,6:132632939-132632939,No direct overlap,TAAR2,0.0036,
"rs139582296",diuretic_1,919902,6,169079811,0.01996289007,6:168679644-168679644,No direct overlap,SMOC2,-,
"rs117693218",diuretic_1,1042560,7,154251187,0.01914426684,7:154554102-154554102,"gene_DPP6, transcript_DPP6",DPP6,0.0022,
"rs145076522",diuretic_1,1125021,8,89671292,0.01777884737,8:88659063-88659063,"gene_ENSG00000253553, transcript_ENSG00000253553",MMP16,0.0028,
"rs10739621",diuretic_1,1255529,9,125816035,0.01918788441,9:123053756-123053756,"gene_RABGAP1, transcript_RABGAP1",RABGAP1,0.9982,
"rs117515520",diuretic_1,1281465,10,10628389,0.0183288008,10:10586426-10586426,No direct overlap,CELF2,0.0024,
"rs185538333",diuretic_1,1298224,10,28631436,0.01834446937,10:28342507-28342507,No direct overlap,MPP7,0.0014,
"rs75788495",diuretic_1,1391752,11,11112538,0.02361167595,11:11090991-11090991,"gene_LINC02752, transcript_LINC02752",GALNT18,0.0022,
"rs138370910",diuretic_1,1468831,11,119212363,0.0200165119,11:119341653-119341653,"transcript_MFRP, CDS_MFRP, exon_MFRP, gene_MFRP",MFRP,-,
"rs142747217",diuretic_1,1511935,12,28548983,0.02005705424,12:28396050-28396050,"transcript_CCDC91, gene_CCDC91",CCDC91,0.0078,
"rs185129035",diuretic_1,1724127,14,92908617,0.01961894892,14:92442273-92442273,"gene_SLC24A4, transcript_SLC24A4",SLC24A4,0.0024,
"rs188851229",diuretic_1,1738355,15,23857614,0.01724255458,15:23612467-23612467,"gene_MKRN3, transcript_MKRN3",MKRN3,0.0006,
"rs145146588",diuretic_1,1756708,15,48027465,0.0206016954,15:47735268-47735268,"transcript_SEMA6D, gene_SEMA6D",SEMA6D,0.0038,
"rs72755585",diuretic_1,1769118,15,63256153,0.02336021699,15:62963954-62963954,No direct overlap,TPM1,-,
"rs147431881",diuretic_1,1864373,16,79526180,0.01869344339,16:79492283-79492283,No direct overlap,MAF,0.0022,
"rs144092707",diuretic_1,1932574,17,67451149,0.02032304183,17:69455008-69455008,"gene_MAP2K6, transcript_MAP2K6",MAP2K6,0.0016,
"rs75521341",diuretic_1,1957484,18,8758374,0.01929276995,18:8758376-8758376,"gene_MTCL1, transcript_MTCL1",MTCL1,0.0062,
"rs1231236",diuretic_1,1969114,18,25718330,0.0182562042,18:28138366-28138366,"transcript_CDH2, gene_CDH2",CDH2,-,
"rs144058400",diuretic_1,2116739,20,57090518,0.01793795638,20:58515462-58515462,"gene_APCDD1L-DT, exon_APCDD1L-DT, transcript_APCDD1L-DT",APCDD1L,0.0018,
"rs78967309",diuretic_2,116325,1,181323390,0.01953191124,1:181354254-181354254,"gene_CACNA1E, transcript_CACNA1E",CACNA1E,-,
"rs188917349",diuretic_2,786337,5,178128558,0.01877315529,5:178701557-178701557,"gene_ENSG00000285978, transcript_ENSG00000285978",ENSG00000285978,0.0022,
"rs36087470",diuretic_2,796469,6,6454393,0.01909936778,6:6454160-6454160,"transcript_LY86-AS1, gene_LY86-AS1, transcript_ENSG00000285717, gene_ENSG00000285717",F13A1,0.001,
"rs76422210",diuretic_2,796535,6,6522106,0.01677530818,6:6521873-6521873,"transcript_LY86-AS1, gene_LY86-AS1",LY86,0.001,
"rs148374294",diuretic_2,1149627,8,125301947,0.02003227733,8:124289706-124289706,No direct overlap,TMEM65,0.0016,
"rs148703511",diuretic_2,1945413,17,78757293,0.02096980438,17:80783493-80783493,"transcript_RPTOR, gene_RPTOR",RPTOR,-,
"rs72862680",diuretic_2,1949286,18,1261586,0.0182635393,18:1261585-1261585,"gene_LINC00470, transcript_ENSG00000263551, transcript_LINC00470, gene_ENSG00000263551",ADCYAP1,0.0012,
"rs117286719",diuretic_2,2116183,20,56569909,0.01950591803,20:57994853-57994853,No direct overlap,C20orf85,0.0026,
"rs144033865",diuretic_3,1082233,8,24712679,0.01832603663,8:24855166-24855166,"transcript_ADAM7-AS1, gene_ADAM7-AS1",NEFM,0.0016,
"rs146835388",diuretic_3,1282524,10,11634746,0.02062536962,10:11592747-11592747,"transcript_USP6NL, gene_USP6NL",USP6NL,0.0082,
"rs116216193",diuretic_4,645371,4,186138169,0.01871628501,4:185217015-185217015,"gene_SNX25, transcript_SNX25",SNX25,0.0032,
"rs150819324",diuretic_4,651906,5,962770,0.01923655719,5:962655-962655,"gene_ENSG00000288763, transcript_ENSG00000288763, exon_ENSG00000288763",TRIP13,0.0056,
"rs143719624",diuretic_4,1170078,9,525679,0.01795130968,9:525679-525679,"transcript_KANK1, gene_KANK1",KANK1,0.0032,
"rs183266759",diuretic_4,1348836,10,101800295,0.01925743558,10:100040538-100040538,No direct overlap,CPN1,0.0006,
"rs61815467",diuretic_5,133516,1,205921286,0.01812005602,1:205952158-205952158,No direct overlap,SLC26A9,0.0094,
"rs188989199",SBP_3,1661875,13,110553040,-0.01928858645,13:109900693-109900693,No direct overlap,IRS2,0.0022,
"rs114570784",statin_1,10764,1,11692861,0.0176868327,1:11632804-11632804,"transcript_ENSG00000284708, gene_ENSG00000284708",FBXO2,0.0034,
"rs185265695",statin_1,25838,1,29871409,0.01946522109,1:29544897-29544897,No direct overlap,PTPRU,0.0026,
"rs41280338",statin_1,84274,1,110561582,0.01964353956,1:110018960-110018960,"transcript_AHCYL1, exon_AHCYL1, gene_AHCYL1",AHCYL1,0.0012,
"rs74823121",statin_1,133728,1,206682739,0.01786807552,1:206509406-206509406,"gene_RASSF5, transcript_RASSF5",RASSF5,0.0024,
"rs189961549",statin_1,247163,2,88642799,0.0188895911,2:88343280-88343280,No direct overlap,FOXI3,0.0014,
"rs188873295",statin_1,435099,3,106467575,0.02108367719,3:106748728-106748728,"gene_LINC00882, transcript_LINC00882",CCDC54,0.0016,
"rs144801599",statin_1,529096,4,25098488,0.01667629182,4:25096866-25096866,No direct overlap,SEPSECS,0.0034,
"rs185717814",statin_1,627646,4,167657378,0.01827253215,4:166736227-166736227,"transcript_SPOCK3, gene_SPOCK3",SPOCK3,0.0008,
"rs77615242",statin_1,774377,5,166353022,0.01850045845,5:166926017-166926017,"transcript_LINC01947, exon_LINC01947, gene_LINC01947",TENM2,0.003,
"rs139923766",statin_1,814830,6,25492115,0.01929464191,6:25491887-25491887,"gene_CARMIL1, transcript_CARMIL1",CARMIL1,0,
"rs187085992",statin_1,847159,6,74050277,0.02249245346,6:73340554-73340554,No direct overlap,DPPA5,0.0022,
"rs182391945",statin_1,1041957,7,153657040,0.01971319504,7:153959955-153959955,"gene_DPP6, transcript_DPP6",DPP6,0,
"rs182257446",statin_1,1073464,8,17443655,0.01787127927,8:17586146-17586146,"gene_PDGFRL, transcript_PDGFRL",PDGFRL,0,
"rs150238834",statin_1,1255929,9,126333860,0.01983689517,9:123571581-123571581,"transcript_DENND1A, gene_DENND1A",DENND1A,0,
"rs79141382",statin_1,1782544,15,81152864,0.01895919815,15:80860523-80860523,"transcript_CEMIP, gene_CEMIP",CEMIP,0.0016,
"rs188574938",statin_1,1909438,17,34234317,0.02122399583,17:35907313-35907313,"transcript_ENSG00000270977, gene_ENSG00000270977, exon_ENSG00000270977",RDM1,0.006,
"rs149589324",statin_1,1979972,18,41157814,0.01888448,18:43577849-43577849,No direct overlap,SYT4,0.0042,
"rs73185890",statin_1,2136167,21,28256183,0.02238515951,21:26883864-26883864,No direct overlap,ADAMTS5,0.002,
"rs114824850",statin_2,86272,1,112578039,0.02001006529,1:112035417-112035417,No direct overlap,KCND3,0.0024,
"rs118152197",statin_2,1751476,15,39108989,0.01779537462,15:38816788-38816788,"gene_LINC02694, transcript_LINC02694",RASGRP1,0.0052,
"rs140566936",statin_2,1804123,15,102362495,0.02310368419,15:101822292-101822292,No direct overlap,OR4F15,0.0028,
"rs75873772",statin_2,1812280,16,6595143,0.01879024506,16:6545142-6545142,"gene_RBFOX1, transcript_RBFOX1",RBFOX1,-,
"rs72789852",statin_2,1849031,16,62268464,0.0168056637,16:62234560-62234560,No direct overlap,CDH8,0.0012,
"rs186223858",statin_2,2055021,19,48301203,0.01882601902,19:47797946-47797946,No direct overlap,TPRX1,0.0016,
"rs115104881",statin_3,357551,3,3042825,0.01712078042,3:3001141-3001141,"gene_CNTN4, transcript_CNTN4",CNTN4,0.001,
"rs188727962",statin_3,2156872,22,17952246,0.02266201749,22:17473204-17473204,"gene_CECR2, transcript_CECR2",CECR2,0.0028,
"rs12315495",statin_4,1501487,12,16559399,0.01904123649,12:16406465-16406465,"gene_MGST1, transcript_MGST1",MGST1,0.0034,
"rs72658867",statin_5,2027531,19,11231203,-0.02384047769,19:11120527-11120527,"gene_LDLR, transcript_LDLR",LDLR,0.0028,
"rs7412",statin_5,2052147,19,45412079,-0.057378795,19:44908822-44908822,"transcript_APOE, exon_APOE, gene_APOE, CDS_APOE",APOE,0.0751,0.004789285714